Nome	Url Vaga	Empresa	Url empresa	Sede	Tipo	Experiencia	Data
Estágio em Criação e Design	https://br.linkedin.com/jobs/view/est%C3%A1gio-em-cria%C3%A7%C3%A3o-e-design-at-kla-advogados-3539624703?refId=AZLCjymG6o591S7nZfaDdw%3D%3D&trackingId=c8LKJMiD9QdB%2F83Q0SXyrA%3D%3D&position=1&pageNum=0&trk=public_jobs_jserp-result_search-card	KLA Advogados	https://br.linkedin.com/company/kla-advogados?trk=public_jobs_jserp-result_job-search-card-subtitle	São Paulo, SP	Tempo integral	Estágio	2023-03-28
Estagiário Comunicação - Marketing	https://br.linkedin.com/jobs/view/estagi%C3%A1rio-comunica%C3%A7%C3%A3o-marketing-at-marjan-farma-3492938380?refId=AZLCjymG6o591S7nZfaDdw%3D%3D&trackingId=7GpTPBgR3eWHEWD3I3I%2FJg%3D%3D&position=2&pageNum=0&trk=public_jobs_jserp-result_search-card	Marjan Farma	https://br.linkedin.com/company/marjan-farma?trk=public_jobs_jserp-result_job-search-card-subtitle	São Paulo, SP	Tempo integral	Estágio	2023-02-28
ESTÁGIO: MARKETING, PUBLICIDADE E PROPAGANDA	https://br.linkedin.com/jobs/view/est%C3%A1gio-marketing-publicidade-e-propaganda-at-up-est%C3%A1gio-3545232498?refId=AZLCjymG6o591S7nZfaDdw%3D%3D&trackingId=iCsFtPGY6ZTaupV4rUCuBQ%3D%3D&position=3&pageNum=0&trk=public_jobs_jserp-result_search-card	Up Estágio	https://br.linkedin.com/company/upestagio?trk=public_jobs_jserp-result_job-search-card-subtitle	Gama, DF	Tempo integral	Estágio	2023-03-28
Estágio: Marketing, Publicidade e Propaganda	https://br.linkedin.com/jobs/view/est%C3%A1gio-marketing-publicidade-e-propaganda-at-up-est%C3%A1gio-3545243872?refId=AZLCjymG6o591S7nZfaDdw%3D%3D&trackingId=%2BlGJITtIEFAZkl7XcmhuSw%3D%3D&position=4&pageNum=0&trk=public_jobs_jserp-result_search-card	Up Estágio	https://br.linkedin.com/company/upestagio?trk=public_jobs_jserp-result_job-search-card-subtitle	Samambaia, DF	Tempo integral	Estágio	2023-03-28
Estágio em Marketing	https://br.linkedin.com/jobs/view/est%C3%A1gio-em-marketing-at-maximizarh-solu%C3%A7%C3%B5es-empresariais-ltda-3325442310?refId=AZLCjymG6o591S7nZfaDdw%3D%3D&trackingId=xuRXrZJsgFsLU4DmGdeelQ%3D%3D&position=5&pageNum=0&trk=public_jobs_jserp-result_search-card	MaximizaRH Soluções Empresariais Ltda	https://br.linkedin.com/company/maximizarh-solu%C3%A7%C3%B5es-empresariais-ltda?trk=public_jobs_jserp-result_job-search-card-subtitle	Rio de Janeiro, RJ	Tempo integral	Estágio	2022-10-29
ESTÁGIO EM MARKETING, MARKETING DIGITAL OU PUBLICIDADE E PROPAGANDA (CÓDIGO: 139963)	https://br.linkedin.com/jobs/view/est%C3%A1gio-em-marketing-marketing-digital-ou-publicidade-e-propaganda-c%C3%B3digo-139963-at-abre-empregos-e-est%C3%A1gios-3536700119?refId=AZLCjymG6o591S7nZfaDdw%3D%3D&trackingId=%2BqMLJwPxIBPj5gWLPM6gPw%3D%3D&position=6&pageNum=0&trk=public_jobs_jserp-result_search-card	ABRE - Empregos e Estágios		Rio de Janeiro, RJ	Tempo integral	Estágio	2023-03-22
Estágio em Marketing	https://br.linkedin.com/jobs/view/est%C3%A1gio-em-marketing-at-kla-advogados-3540152103?refId=AZLCjymG6o591S7nZfaDdw%3D%3D&trackingId=Kt0Y7%2BcXD%2BNllaaMWjPKMQ%3D%3D&position=7&pageNum=0&trk=public_jobs_jserp-result_search-card	KLA Advogados	https://br.linkedin.com/company/kla-advogados?trk=public_jobs_jserp-result_job-search-card-subtitle	São Paulo, SP	Tempo integral	Estágio	2023-03-28
Estágio em Marketing	https://br.linkedin.com/jobs/view/est%C3%A1gio-em-marketing-at-maximizarh-solu%C3%A7%C3%B5es-empresariais-ltda-3521892743?refId=AZLCjymG6o591S7nZfaDdw%3D%3D&trackingId=GzIAyVuqtJFUxRqkXA5Q5Q%3D%3D&position=8&pageNum=0&trk=public_jobs_jserp-result_search-card	MaximizaRH Soluções Empresariais Ltda	https://br.linkedin.com/company/maximizarh-solu%C3%A7%C3%B5es-empresariais-ltda?trk=public_jobs_jserp-result_job-search-card-subtitle	Rio de Janeiro, RJ	Tempo integral	Estágio	2023-02-28
Estagiário (a) de Marketing	https://br.linkedin.com/jobs/view/estagi%C3%A1rio-a-de-marketing-at-adistec-3530228484?refId=AZLCjymG6o591S7nZfaDdw%3D%3D&trackingId=1ngI3YJk41b15ji7vzPTHg%3D%3D&position=9&pageNum=0&trk=public_jobs_jserp-result_search-card	Adistec	https://www.linkedin.com/company/adistec?trk=public_jobs_jserp-result_job-search-card-subtitle	São Paulo, SP	Tempo integral	Estágio	2023-03-22
Estagiário (A) De Marketing - CANOAS	https://br.linkedin.com/jobs/view/estagi%C3%A1rio-a-de-marketing-canoas-at-iara-barbosa-desenvolvimento-humano-3529360046?refId=AZLCjymG6o591S7nZfaDdw%3D%3D&trackingId=c5uVpBZP8kqwn3pAHblMBw%3D%3D&position=10&pageNum=0&trk=public_jobs_jserp-result_search-card	Iara Barbosa Desenvolvimento Humano	https://www.linkedin.com/company/iara-barbosa-consultoria-e-rh?trk=public_jobs_jserp-result_job-search-card-subtitle	Canoas, RS	Tempo integral	Estágio	2023-03-22
Estagiário de marketing digital	https://br.linkedin.com/jobs/view/estagi%C3%A1rio-de-marketing-digital-at-c4-marketing-3525258444?refId=AZLCjymG6o591S7nZfaDdw%3D%3D&trackingId=jrmwR3yCXo5JAmXYcu5pEg%3D%3D&position=11&pageNum=0&trk=public_jobs_jserp-result_search-card	C4 Marketing	https://br.linkedin.com/company/c4marketingdigital?trk=public_jobs_jserp-result_job-search-card-subtitle	Florianópolis, SC	Tempo integral	Estágio	2023-03-22
Estágio de Marketing	https://br.linkedin.com/jobs/view/est%C3%A1gio-de-marketing-at-confidencial-3505686575?refId=AZLCjymG6o591S7nZfaDdw%3D%3D&trackingId=pllFjJQYPOS5Y%2FP%2FBs6CAA%3D%3D&position=12&pageNum=0&trk=public_jobs_jserp-result_search-card	Confidencial	https://ca.linkedin.com/company/econfidencial?trk=public_jobs_jserp-result_job-search-card-subtitle	São Paulo e Região	Tempo integral	Estágio	2023-03-01
Estágio Em Marketing / Campinas / 1 Vaga -S- -2656137 -	https://br.linkedin.com/jobs/view/est%C3%A1gio-em-marketing-campinas-1-vaga-s-2656137-at-rhf-talentos-3518207854?refId=AZLCjymG6o591S7nZfaDdw%3D%3D&trackingId=7OjBsHZ9O8jK6XaTPQJu0A%3D%3D&position=13&pageNum=0&trk=public_jobs_jserp-result_search-card	RHF Talentos	https://br.linkedin.com/company/rhf-talentos?trk=public_jobs_jserp-result_job-search-card-subtitle	São Paulo, SP	Tempo integral	Estágio	2023-03-08
PROGRAMA DE ESTÁGIO STIHL - Estágio	https://br.linkedin.com/jobs/view/programa-de-est%C3%A1gio-stihl-est%C3%A1gio-at-abrh-est%C3%A1gios-3539141464?refId=AZLCjymG6o591S7nZfaDdw%3D%3D&trackingId=tW5zHoDGH5qxei2A55X%2F%2Bw%3D%3D&position=14&pageNum=0&trk=public_jobs_jserp-result_search-card	ABRH Estágios		São Leopoldo, RS	Tempo integral	Estágio	2023-03-23
